{"cameraMode":{"drawMode":0,"name":"Shaded","section":"Shading Mode"},"sceneLighting":true,"audioPlay":false,"sceneViewState":{"m_AlwaysRefresh":false,"showFog":true,"showSkybox":true,"showFlares":true,"showImageEffects":true,"showParticleSystems":true,"showVisualEffectGraphs":true,"m_FxEnabled":true},"in2DMode":false,"pivot":{"x":-70.33248138427735,"y":1.3191248178482056,"z":48.41173553466797},"rotation":{"x":-0.026963993906974794,"y":0.050655465573072436,"z":-0.0013660432305186988,"w":-0.9983752965927124},"size":15.814709663391114,"orthographic":false}