{"cameraMode":{"drawMode":0,"name":"Shaded","section":"Shading Mode"},"sceneLighting":true,"audioPlay":false,"sceneViewState":{"m_AlwaysRefresh":false,"showFog":true,"showSkybox":true,"showFlares":true,"showImageEffects":true,"showParticleSystems":true,"showVisualEffectGraphs":true,"m_FxEnabled":true},"in2DMode":false,"pivot":{"x":-48.82395935058594,"y":7.406772613525391,"z":30.055662155151368},"rotation":{"x":0.00372665305621922,"y":0.44119030237197878,"z":0.001922895316965878,"w":-0.8974557518959045},"size":34.531192779541019,"orthographic":false}