{"cameraMode":{"drawMode":0,"name":"Shaded","section":"Shading Mode"},"sceneLighting":true,"audioPlay":false,"sceneViewState":{"m_AlwaysRefresh":false,"showFog":true,"showSkybox":true,"showFlares":true,"showImageEffects":true,"showParticleSystems":true,"showVisualEffectGraphs":true,"m_FxEnabled":true},"in2DMode":false,"pivot":{"x":-16.818082809448243,"y":14.245233535766602,"z":-8.633077621459961},"rotation":{"x":-0.09053965657949448,"y":-0.6981890201568604,"z":0.08971873670816422,"w":-0.7044938206672669},"size":1.2247449159622193,"orthographic":false}