{"cameraMode":{"drawMode":0,"name":"Shaded","section":"Shading Mode"},"sceneLighting":true,"audioPlay":false,"sceneViewState":{"m_AlwaysRefresh":false,"showFog":true,"showSkybox":true,"showFlares":true,"showImageEffects":true,"showParticleSystems":true,"showVisualEffectGraphs":true,"m_FxEnabled":true},"in2DMode":false,"pivot":{"x":-7.039439678192139,"y":10.20417594909668,"z":-14.861886978149414},"rotation":{"x":-0.0001907847326947376,"y":-0.9989111423492432,"z":-0.005689730867743492,"w":0.04796036705374718},"size":10.984793663024903,"orthographic":false}