{"cameraMode":{"drawMode":0,"name":"Shaded","section":"Shading Mode"},"sceneLighting":true,"audioPlay":false,"sceneViewState":{"m_AlwaysRefresh":false,"showFog":true,"showSkybox":true,"showFlares":true,"showImageEffects":true,"showParticleSystems":true,"showVisualEffectGraphs":true,"m_FxEnabled":true},"in2DMode":false,"pivot":{"x":-1.5076560974121094,"y":4.412320137023926,"z":-2.6042490005493166},"rotation":{"x":-0.09308802336454392,"y":0.8196390867233276,"z":-0.13927055895328523,"w":-0.5478436350822449},"size":5.8466386795043949,"orthographic":false}