{"cameraMode":{"drawMode":0,"name":"Shaded","section":"Shading Mode"},"sceneLighting":true,"audioPlay":false,"sceneViewState":{"m_AlwaysRefresh":false,"showFog":true,"showSkybox":true,"showFlares":true,"showImageEffects":true,"showParticleSystems":true,"showVisualEffectGraphs":true,"m_FxEnabled":true},"in2DMode":false,"pivot":{"x":-71.42293548583985,"y":18.321054458618165,"z":84.66346740722656},"rotation":{"x":-0.029258159920573236,"y":-0.9399109482765198,"z":0.32984116673469546,"w":-0.08339428901672363},"size":13.858376502990723,"orthographic":false}