{"cameraMode":{"drawMode":0,"name":"Shaded","section":"Shading Mode"},"sceneLighting":true,"audioPlay":false,"sceneViewState":{"m_AlwaysRefresh":false,"showFog":true,"showSkybox":true,"showFlares":true,"showImageEffects":true,"showParticleSystems":true,"showVisualEffectGraphs":true,"m_FxEnabled":true},"in2DMode":false,"pivot":{"x":0.6757860779762268,"y":0.5767361521720886,"z":1.6697871685028077},"rotation":{"x":-0.1283106654882431,"y":0.09923512488603592,"z":-0.012883424758911133,"w":-0.9867438077926636},"size":9.907782554626465,"orthographic":false}