{"cameraMode":{"drawMode":0,"name":"Shaded","section":"Shading Mode"},"sceneLighting":true,"audioPlay":false,"sceneViewState":{"m_AlwaysRefresh":false,"showFog":true,"showSkybox":true,"showFlares":true,"showImageEffects":true,"showParticleSystems":true,"showVisualEffectGraphs":true,"m_FxEnabled":true},"in2DMode":false,"pivot":{"x":2.3111634254455568,"y":-4.872952938079834,"z":-68.2918930053711},"rotation":{"x":-0.013215374201536179,"y":-0.9754619002342224,"z":0.21128858625888825,"w":-0.06094155088067055},"size":21.814624786376954,"orthographic":false}