{"cameraMode":{"drawMode":0,"name":"Shaded","section":"Shading Mode"},"sceneLighting":true,"audioPlay":false,"sceneViewState":{"m_AlwaysRefresh":false,"showFog":true,"showSkybox":true,"showFlares":true,"showImageEffects":true,"showParticleSystems":true,"showVisualEffectGraphs":true,"m_FxEnabled":true},"in2DMode":false,"pivot":{"x":22.84398078918457,"y":5.257308483123779,"z":9.787188529968262},"rotation":{"x":0.06193917244672775,"y":0.6275781989097595,"z":-0.050198379904031757,"w":0.7744886875152588},"size":14.013328552246094,"orthographic":false}