{"cameraMode":{"drawMode":0,"name":"Shaded","section":"Shading Mode"},"sceneLighting":true,"audioPlay":false,"sceneViewState":{"m_AlwaysRefresh":false,"showFog":true,"showSkybox":true,"showFlares":true,"showImageEffects":true,"showParticleSystems":true,"showVisualEffectGraphs":true,"m_FxEnabled":true},"in2DMode":false,"pivot":{"x":-17.643959045410158,"y":159.27064514160157,"z":76.13092803955078},"rotation":{"x":0.014720435254275799,"y":-0.7396520972251892,"z":0.6726618409156799,"w":0.016200954094529153},"size":3.665621042251587,"orthographic":false}