{"cameraMode":{"drawMode":0,"name":"Shaded","section":"Shading Mode"},"sceneLighting":true,"audioPlay":false,"sceneViewState":{"m_AlwaysRefresh":false,"showFog":true,"showSkybox":true,"showFlares":true,"showImageEffects":true,"showParticleSystems":true,"showVisualEffectGraphs":true,"m_FxEnabled":true},"in2DMode":false,"pivot":{"x":8.206754684448243,"y":-108.91617584228516,"z":256.72833251953127},"rotation":{"x":0.21756599843502046,"y":-0.007651614025235176,"z":0.0016225313302129508,"w":0.9760964512825012},"size":139.84439086914063,"orthographic":false}